-- phpMyAdmin SQL Dump
-- version 5.2.0
-- https://www.phpmyadmin.net/
--
-- Host: 127.0.0.1
-- Generation Time: Mar 26, 2024 at 12:21 AM
-- Server version: 10.4.25-MariaDB
-- PHP Version: 8.1.10

SET SQL_MODE = "NO_AUTO_VALUE_ON_ZERO";
START TRANSACTION;
SET time_zone = "+00:00";


/*!40101 SET @OLD_CHARACTER_SET_CLIENT=@@CHARACTER_SET_CLIENT */;
/*!40101 SET @OLD_CHARACTER_SET_RESULTS=@@CHARACTER_SET_RESULTS */;
/*!40101 SET @OLD_COLLATION_CONNECTION=@@COLLATION_CONNECTION */;
/*!40101 SET NAMES utf8mb4 */;

--
-- Database: `gaanfl2024`
--

CREATE DATABASE IF NOT EXISTS gaanfl2024;

USE gaanfl2024;


-- --------------------------------------------------------

--
-- Table structure for table `players`
--

CREATE TABLE `players` (
  `id` varchar(5) NOT NULL,
  `teamID` varchar(3) NOT NULL,
  `name` varchar(50) NOT NULL,
  `squadNumber` int(11) NOT NULL,
  `age` int(11) NOT NULL,
  `matches` int(11) NOT NULL
) ENGINE=InnoDB DEFAULT CHARSET=latin1;

--
-- Dumping data for table `players`
--

INSERT INTO `players` (`id`, `teamID`, `name`, `squadNumber`, `age`, `matches`) VALUES
('1001', '1', 'Michael Byrne', 1, 22, 6),
('1002', '1', 'Ronan Hanna', 2, 30, 3),
('1003', '1', 'Luke Mulholland', 3, 31, 59),
('1004', '1', 'Marc Jordan', 4, 32, 17),
('1005', '1', 'Joseph Finnegan', 5, 23, 44),
('1006', '1', 'Peter Healy', 6, 28, 41),
('1007', '1', 'James McAuley', 7, 29, 19),
('1008', '1', 'Patrick McCormick', 8, 18, 66),
('1009', '1', 'Eoghan McCabe', 9, 24, 55),
('1010', '1', 'Dermot McAleese', 10, 24, 64),
('1011', '1', 'Declan Lynch', 11, 19, 90),
('1012', '1', 'Ronan Boyle', 12, 32, 63),
('1013', '1', 'Jack Dowling', 13, 26, 96),
('1014', '1', 'Cathal Hynds', 14, 33, 61),
('1015', '1', 'Oisin Lenehan', 15, 26, 40),
('1016', '1', 'Barry McCormick', 16, 22, 92),
('1017', '1', 'Cormac McGettigan', 17, 19, 72),
('1018', '1', 'Eoin Hynds', 18, 32, 89),
('1019', '1', 'Seamus McGarry', 19, 23, 85),
('1020', '1', 'Padraig Mervyn', 20, 19, 58),
('1021', '1', 'Sean O’Neill', 21, 28, 24),
('1022', '1', 'Conor Steward', 22, 22, 36),
('1023', '1', 'Ruairi McCann', 23, 30, 32),
('1024', '1', 'Ruairí McCann', 24, 30, 95),
('1025', '1', 'Dominic McEnhill', 25, 21, 61),
('1026', '1', 'Patrick Finnegan', 26, 29, 77),
('1027', '1', 'Patrick McBride', 27, 32, 46),
('1028', '1', 'Eoghan McCabe', 28, 22, 57),
('1029', '1', 'Colm McLarnon', 29, 34, 17),
('1030', '1', 'Adam Loughran', 30, 33, 33),
('1031', '1', 'Odhran Eastwood', 31, 28, 70),
('1032', '1', 'Pat Shivers', 32, 28, 16),
('1033', '1', 'Kevin Small', 33, 34, 3),
('1034', '1', 'Ryan Murray', 34, 30, 30),
('1035', '1', 'Colum Duffin', 35, 28, 8),
('1036', '1', 'Eunan Quinn', 36, 29, 63),
('1037', '1', 'Tomas McCann', 37, 26, 25),
('1038', '1', 'Conor Johnston', 38, 34, 51),
('1039', '1', 'Oisin Doherty', 39, 30, 41),
('1040', '1', 'Calum Higgins', 40, 20, 27),
('1041', '1', 'Conall McGirr', 41, 24, 9),
('1042', '1', 'Aidan McAleese', 42, 28, 40),
('1043', '1', 'Conor Hand', 43, 18, 15),
('1044', '2', 'Ethan Rafferty', 1, 21, 97),
('1045', '2', 'Shea Magill', 2, 32, 97),
('1046', '2', 'Aidan Forker', 3, 21, 53),
('1047', '2', 'Aaron McKay', 4, 20, 43),
('1048', '2', 'Jarlath Óg Burns', 5, 22, 77),
('1049', '2', 'Greg McCabe', 6, 24, 3),
('1050', '2', 'Barry McCambridge', 7, 30, 56),
('1051', '2', 'Conor O’Neill', 8, 22, 76),
('1052', '2', 'Callum Cumiskey', 9, 27, 65),
('1053', '2', 'Paddy Burns', 10, 34, 1),
('1054', '2', 'Joe McElroy', 11, 21, 31),
('1055', '2', 'Connaire Mackin', 12, 34, 71),
('1056', '2', 'James Morgan', 13, 27, 16),
('1057', '2', 'Ross Finn', 14, 24, 2),
('1058', '2', 'Ciaran Higgins', 15, 28, 45),
('1059', '2', 'Ciaran Mackin', 16, 34, 51),
('1060', '2', 'Ben Crealey', 17, 32, 22),
('1061', '2', 'Shane McPartland', 18, 20, 52),
('1062', '2', 'Stephen Sheridan', 19, 19, 19),
('1063', '2', 'Niall Grimley', 20, 23, 40),
('1064', '2', 'Cian McConville', 21, 35, 8),
('1065', '2', 'Stefan Campbell', 22, 28, 56),
('1066', '2', 'Jason Duffy', 23, 27, 72),
('1067', '2', 'Rory Grugan', 24, 26, 68),
('1068', '2', 'Andrew Murnin', 25, 31, 79),
('1069', '2', 'Rian O’Neill', 26, 23, 82),
('1070', '2', 'Conor Turbitt', 27, 31, 75),
('1071', '2', 'Jemar Hall', 28, 22, 91),
('1072', '2', 'Aidan Nugent', 29, 31, 78),
('1073', '2', 'Ross McQuillan', 30, 24, 5),
('1074', '2', 'Oisin Conaty', 31, 33, 100),
('1075', '2', 'Justin Kieran', 32, 25, 44),
('1076', '3', 'Ciaran Cunningham', 1, 26, 20),
('1077', '3', 'Johnny Furey', 2, 30, 93),
('1078', '3', 'Andy O’Brien', 3, 20, 30),
('1079', '3', 'Mikey Bambrick', 4, 28, 48),
('1080', '3', 'Conor Doyle', 5, 22, 72),
('1081', '3', 'Shane Buggy', 6, 20, 31),
('1082', '3', 'Niall Hickey', 7, 28, 48),
('1083', '3', 'Mark Furey', 8, 33, 15),
('1084', '3', 'Dara Curran', 9, 27, 57),
('1085', '3', 'Liam Roberts', 10, 31, 51),
('1086', '3', 'Eric Molloy', 11, 24, 14),
('1087', '3', 'Darragh O’Brien', 12, 34, 42),
('1088', '3', 'Keegan Bradley', 13, 27, 60),
('1089', '3', 'Diarmuid Ruth', 14, 27, 64),
('1090', '3', 'Jamie McCabe', 15, 34, 87),
('1091', '3', 'Cathal Kelly', 16, 31, 3),
('1092', '3', 'Jordan Morrissey', 17, 20, 98),
('1093', '3', 'Seanie Bambrick', 18, 24, 56),
('1094', '3', 'Murtough Ware', 19, 30, 85),
('1095', '3', 'Darragh Foley', 20, 23, 83),
('1096', '3', 'Ross Dunphy', 21, 30, 72),
('1097', '3', 'Josh Moore', 22, 30, 44),
('1098', '3', 'Shane Clarke', 23, 34, 50),
('1099', '3', 'Ciaran Moran', 24, 26, 13),
('1100', '3', 'Conor Crowley', 25, 19, 4),
('1101', '3', 'Aaron Amond', 26, 21, 86),
('1102', '3', 'Cormac Lomax', 27, 29, 78),
('1103', '3', 'Henry Hegarty', 28, 31, 11),
('1104', '4', 'Raymond Galligan', 1, 28, 7),
('1105', '4', 'Killian Clarke', 2, 29, 61),
('1106', '4', 'Padraig Faulkner', 3, 29, 69),
('1107', '4', 'Ciaran Brady', 4, 22, 37),
('1108', '4', 'Oisin Kiernan', 5, 22, 76),
('1109', '4', 'Jason McLoughlin', 6, 20, 47),
('1110', '4', 'Evan Finnegan', 7, 21, 48),
('1111', '4', 'Killian Brady', 8, 18, 2),
('1112', '4', 'Tristan Noack Hofmann', 9, 34, 67),
('1113', '4', 'Luke Fortune', 10, 21, 21),
('1114', '4', 'Chris Conroy', 11, 34, 52),
('1115', '4', 'Conor Brady', 12, 27, 2),
('1116', '4', 'James Smith', 13, 22, 12),
('1117', '4', 'Michael Argue', 14, 24, 23),
('1118', '4', 'Cian Madden', 15, 25, 53),
('1119', '4', 'Tiarnan Madden', 16, 27, 1),
('1120', '4', 'Oisin Brady', 17, 21, 48),
('1121', '4', 'Gerard Smith', 18, 28, 46),
('1122', '4', 'Paddy Lynch', 19, 34, 37),
('1123', '4', 'Ryan O’Neill', 20, 28, 62),
('1124', '4', 'Gearoid McKiernan', 21, 20, 39),
('1125', '4', 'Conor Madden', 22, 21, 76),
('1126', '4', 'Martin Reilly', 23, 19, 5),
('1127', '4', 'Conor Moynagh', 24, 28, 17),
('1128', '4', 'Conor Smith', 25, 22, 25),
('1129', '4', 'Oisin Kiernan', 26, 22, 98),
('1130', '5', 'Stephen Ryan', 1, 19, 55),
('1131', '5', 'David Sexton', 2, 22, 10),
('1132', '5', 'Ciaran Russell', 3, 32, 39),
('1133', '5', 'Cillian Brennan', 4, 27, 29),
('1134', '5', 'Daniel Walsh', 5, 34, 15),
('1135', '5', 'Cillian Rouine', 6, 32, 54),
('1136', '5', 'Cian O’Dea', 7, 29, 66),
('1137', '5', 'Alan Sweeney', 8, 18, 38),
('1138', '5', 'Darragh Bohannon', 9, 27, 75),
('1139', '5', 'Darren O’Neill', 10, 26, 5),
('1140', '5', 'Emmet McMahon', 11, 21, 48),
('1141', '5', 'Pearse Lillis', 12, 19, 99),
('1142', '5', 'Keelan Sexton', 13, 26, 53),
('1143', '5', 'Eoin Cleary', 14, 32, 85),
('1144', '5', 'Aaron Griffin', 15, 33, 41),
('1145', '5', 'Mark McInerney', 16, 27, 19),
('1146', '5', 'Ciaran Downes', 17, 23, 82),
('1147', '6', 'Míchéal Martin', 1, 21, 30),
('1148', '6', 'Christopher Kelly', 2, 26, 91),
('1149', '6', 'Sean Powter', 3, 29, 85),
('1150', '6', 'Rory Maguire', 4, 23, 29),
('1151', '6', 'Matthew Taylor', 5, 27, 48),
('1152', '6', 'Sean Meehan', 6, 24, 10),
('1153', '6', 'John O’Rourke', 7, 29, 92),
('1154', '6', 'Ian Maguire', 8, 33, 53),
('1155', '6', 'Cian Kiely', 9, 22, 62),
('1156', '6', 'Colm O’Callaghan', 10, 20, 56),
('1157', '6', 'Tommy Walsh', 11, 29, 13),
('1158', '6', 'Chris Óg Jones', 12, 32, 38),
('1159', '6', 'Kevin O’Donovan', 13, 33, 39),
('1160', '6', 'Mark Cronin', 14, 30, 57),
('1161', '6', 'Paul Walsh', 15, 20, 66),
('1162', '6', 'Blake Murphy', 16, 33, 35),
('1163', '6', 'Darragh Cashman', 17, 33, 98),
('1164', '7', 'Odhran Lynch', 1, 25, 79),
('1165', '7', 'Ryan Scullion', 2, 31, 65),
('1166', '7', 'Thomas Mallon', 3, 27, 97),
('1167', '7', 'Conor McCluskey', 4, 35, 40),
('1168', '7', 'Brendan Rogers', 5, 19, 49),
('1169', '7', 'Conor Doherty', 6, 18, 14),
('1170', '7', 'Padraig McGrogan', 7, 24, 60),
('1171', '7', 'Christopher McKaigue', 8, 22, 15),
('1172', '7', 'Eoin McEvoy', 9, 35, 9),
('1173', '7', 'Shea Downey', 10, 32, 52),
('1174', '7', 'Ben McCarron', 11, 21, 8),
('1175', '7', 'Paul McNeill', 12, 32, 14),
('1176', '7', 'Conleth McGuckian', 13, 22, 84),
('1177', '7', 'Declan Cassidy', 14, 33, 25),
('1178', '7', 'Mark Doherty', 15, 29, 75),
('1179', '7', 'Conor Glass', 16, 28, 38),
('1180', '7', 'Gareth McKinless', 17, 26, 39),
('1181', '7', 'Anton Tohill', 18, 32, 79),
('1182', '7', 'Shane McGuigan', 19, 34, 50),
('1183', '7', 'Ethan Doherty', 20, 23, 100),
('1184', '7', 'Paul Cassidy', 21, 26, 47),
('1185', '7', 'Niall Toner', 22, 22, 83),
('1186', '7', 'Niall Loughlin', 23, 21, 87),
('1187', '7', 'Padraig Cassidy', 24, 23, 76),
('1188', '7', 'Ciaran McFaul', 25, 20, 7),
('1189', '7', 'Lachlan Murray', 26, 19, 33),
('1190', '7', 'Niall O’Donnell', 27, 24, 45),
('1191', '7', 'Diarmuid Baker', 28, 31, 68),
('1192', '8', 'Shaun Patton', 1, 34, 46),
('1193', '8', 'Michael Lynch', 2, 32, 75),
('1194', '8', 'Brendan McCole', 3, 32, 39),
('1195', '8', 'Caolan Ward', 4, 24, 12),
('1196', '8', 'Eoghán Bán Gallagher', 5, 18, 9),
('1197', '8', 'Martin Reilly', 6, 19, 25),
('1198', '8', 'Kieran Tobin', 7, 35, 89),
('1199', '8', 'Brian O’Donnell', 8, 34, 26),
('1200', '8', 'Paul Brennan', 9, 19, 72),
('1201', '8', 'Caolan McGonagle', 10, 30, 57),
('1202', '8', 'Hugh McFadden', 11, 33, 35),
('1203', '8', 'Jason McGee', 12, 27, 55),
('1204', '8', 'Ciaran Thompson', 13, 30, 43),
('1205', '8', 'Rory O’Donnell', 14, 32, 48),
('1206', '8', 'Kealan Dunleavy', 15, 34, 92),
('1207', '8', 'Jamie Brennan', 16, 32, 70),
('1208', '8', 'Oisin Gallen', 17, 26, 89),
('1209', '8', 'Michael Langan', 18, 31, 22),
('1210', '8', 'Peadar Mogan', 19, 20, 15),
('1211', '8', 'Luke McGlynn', 20, 19, 88),
('1212', '8', 'Niall O’Donnell', 21, 28, 78),
('1213', '8', 'Ódhrán McFadden', 22, 23, 39),
('1214', '9', 'Niall Kane', 1, 28, 77),
('1215', '9', 'Charlie Smyth', 2, 26, 45),
('1216', '9', 'Pierce Laverty', 3, 19, 70),
('1217', '9', 'Miceal Rooney', 4, 23, 74),
('1218', '9', 'Anthony Doherty', 5, 19, 54),
('1219', '9', 'Daniel Magill', 6, 22, 96),
('1220', '9', 'Daniel Guinness', 7, 21, 80),
('1221', '9', 'Niall McParland', 8, 33, 70),
('1222', '9', 'Finn McElroy', 9, 20, 87),
('1223', '9', 'Niall Donnelly', 10, 27, 30),
('1224', '9', 'Ruairi McCormack', 11, 29, 10),
('1225', '9', 'Odhran Murdock', 12, 35, 4),
('1226', '9', 'Ryan McEvoy', 13, 27, 71),
('1227', '9', 'Conor Poland', 14, 28, 76),
('1228', '9', 'Pat Havern', 15, 24, 67),
('1229', '9', 'Liam Kerr', 16, 34, 9),
('1230', '9', 'Ceilium Doherty', 17, 26, 45),
('1231', '9', 'Donagh McAleenan', 18, 18, 94),
('1232', '9', 'Eugene Branagan', 19, 23, 45),
('1233', '9', 'Ryan Johnston', 20, 20, 91),
('1234', '9', 'Andrew Gilmore', 21, 26, 53),
('1235', '9', 'Shealan Johnston', 22, 30, 2),
('1236', '9', 'Eamon Brown', 23, 30, 90),
('1237', '9', 'Mark Walsh', 24, 24, 80),
('1238', '10', 'David O’Hanlon', 1, 20, 11),
('1239', '10', 'Stephen Cluxton', 2, 33, 24),
('1240', '10', 'Hugh O Sullivan', 3, 35, 80),
('1241', '10', 'Michael Shiel', 4, 28, 69),
('1242', '10', 'Lee Gannon', 5, 30, 11),
('1243', '10', 'John Small', 6, 19, 86),
('1244', '10', 'James McCarthy', 7, 25, 12),
('1245', '10', 'Daire Newcombe', 8, 21, 91),
('1246', '10', 'David Byrne', 9, 34, 28),
('1247', '10', 'Michael Fitzsimons', 10, 26, 81),
('1248', '10', 'Cian Murphy', 11, 20, 51),
('1249', '10', 'Brian Howard', 12, 31, 5),
('1250', '10', 'Tom Lahiff', 13, 32, 37),
('1251', '10', 'Eoin Murchan', 14, 24, 65),
('1252', '10', 'Sean MacMahon', 15, 32, 32),
('1253', '10', 'Jack McCaffrey', 16, 23, 43),
('1254', '10', '27 Greg McEneaney', 17, 28, 58),
('1255', '10', 'Ben Millist', 18, 31, 63),
('1256', '10', 'Theo Clancy', 19, 30, 71),
('1257', '10', 'Brian Fenton', 20, 26, 52),
('1258', '10', 'Peadar O’Cofaigh Byrne', 21, 22, 42),
('1259', '10', 'Craig Dias', 22, 23, 63),
('1260', '10', 'Con O’Callaghan', 23, 20, 60),
('1261', '10', 'Ciarán Kilkenny', 24, 30, 75),
('1262', '10', 'Cormac Costello', 25, 20, 87),
('1263', '10', 'Colm Basquel', 26, 27, 93),
('1264', '10', 'Seán Bugler', 27, 20, 78),
('1265', '10', 'Niall Scully', 28, 28, 14),
('1266', '10', 'Paul Mannion', 29, 26, 37),
('1267', '10', 'Dean Rock', 30, 30, 13),
('1268', '10', 'Paddy Small', 31, 25, 84),
('1269', '10', 'Lorcan O’Dell', 32, 19, 41),
('1270', '10', 'Ross McGarry', 33, 25, 50),
('1271', '10', 'Killian O’Gara', 34, 22, 5),
('1272', '10', 'Sean Lowry', 35, 27, 38),
('1273', '10', 'Ryan Basquel', 36, 24, 8),
('1274', '10', '12 Adam Fearon', 37, 34, 37),
('1275', '10', 'Luke Breathnach', 38, 31, 80),
('1276', '10', 'Cian O’Connor', 39, 33, 52),
('1277', '10', '10 Killian McGinnis', 40, 28, 24),
('1278', '11', 'Sean McNally', 1, 23, 62),
('1279', '11', 'Eoin Melanophy', 2, 35, 26),
('1280', '11', 'Jack Kelly', 3, 26, 49),
('1281', '11', 'Luke Flanagan', 4, 30, 20),
('1282', '11', 'Jonny Cassidy', 5, 25, 64),
('1283', '11', 'Lee Cullen', 6, 31, 17),
('1284', '11', 'Shane McGullion', 7, 24, 64),
('1285', '11', 'Cian McManus', 8, 26, 33),
('1286', '11', 'Josh Largo Ellis', 9, 34, 38),
('1287', '11', 'Che Cullen', 10, 21, 52),
('1288', '11', 'Aidan Breen', 11, 26, 60),
('1289', '11', 'Declan McCusker', 12, 18, 63),
('1290', '11', 'Garrett Cavanagh', 13, 27, 93),
('1291', '11', 'Conall Jones', 14, 23, 54),
('1292', '11', 'James McMahon', 15, 19, 70),
('1293', '11', 'Jack McCann', 16, 24, 78),
('1294', '11', 'Rory Maguire', 17, 19, 26),
('1295', '11', 'Ryan Jones', 18, 25, 88),
('1296', '11', 'Darragh McGurn', 19, 30, 43),
('1297', '11', 'Conor McShea', 20, 21, 70),
('1298', '11', 'Joe McDade', 21, 34, 22),
('1299', '11', 'Ultan Kelm', 22, 26, 59),
('1300', '11', 'Ronan McCaffrey', 23, 23, 5),
('1301', '11', 'Brandon Horan', 24, 22, 74),
('1302', '11', 'Ryan Lyons', 25, 28, 31),
('1303', '11', 'Garvan Jones', 26, 31, 79),
('1304', '11', 'Ciaran Corrigan', 27, 19, 29),
('1305', '11', 'Danny Leonard', 28, 24, 21),
('1306', '11', 'Lorcan McStravick', 29, 32, 83),
('1307', '11', 'Tiarnan Bogue', 30, 34, 75),
('1308', '11', 'Fionan O’Brien', 31, 23, 27),
('1309', '12', 'Connor Gleeson', 1, 25, 19),
('1310', '12', 'Bernie Power', 2, 21, 90),
('1311', '12', 'James Keane', 3, 30, 87),
('1312', '12', 'Sean Kelly', 4, 33, 87),
('1313', '12', 'Johnny Heaney', 5, 19, 26),
('1314', '12', 'Dylan McHugh', 6, 24, 16),
('1315', '12', 'Cillian McDaid', 7, 26, 25),
('1316', '12', 'Sean Fitzgerald', 8, 23, 66),
('1317', '12', 'Billy Mannion', 9, 30, 16),
('1318', '12', 'Paul Conroy', 10, 22, 66),
('1319', '12', 'John Maher', 11, 20, 79),
('1320', '12', 'Paul Kelly', 12, 29, 44),
('1321', '12', 'Matthew Tierney', 13, 20, 91),
('1322', '12', 'Peter Cooke', 14, 20, 28),
('1323', '12', 'Shane Walsh', 15, 25, 89),
('1324', '12', 'Ian Burke', 16, 28, 40),
('1325', '12', 'Damien Comer', 17, 19, 84),
('1326', '12', 'Robert Finnerty', 18, 29, 17),
('1327', '12', 'Patrick Kelly', 19, 31, 18),
('1328', '12', 'Dessie Conneely', 20, 35, 100),
('1329', '12', 'Owen Gallagher', 21, 20, 90),
('1330', '13', 'Shane Ryan', 1, 22, 24),
('1331', '13', 'Shane Murphy', 2, 31, 5),
('1332', '13', 'Devon Burns', 3, 26, 16),
('1333', '13', 'Tom O’Sullivan', 4, 22, 16),
('1334', '13', 'Jason Foley', 5, 29, 14),
('1335', '13', 'Tadhg Morley', 6, 26, 63),
('1336', '13', 'Graham O’Sullivan', 7, 31, 43),
('1337', '13', 'Paul Murphy', 8, 26, 27),
('1338', '13', 'Gavin White', 9, 28, 41),
('1339', '13', 'Brian Ó Beaglaíoch', 10, 24, 67),
('1340', '13', 'Dylan Casey', 11, 26, 13),
('1341', '13', 'Dan O’Donoghue', 12, 32, 35),
('1342', '13', 'Pa Warren', 13, 25, 74),
('1343', '13', 'Stefan Okunbor', 14, 19, 6),
('1344', '13', 'Gavin Crowley', 15, 19, 43),
('1345', '13', 'Mike Breen', 16, 34, 69),
('1346', '13', 'Joe O’Connor', 17, 22, 10),
('1347', '13', 'Greg Horan', 18, 29, 90),
('1348', '13', 'Jack O’Shea', 19, 19, 85),
('1349', '13', 'Cian Gammell', 20, 22, 6),
('1350', '13', 'Jack Barry', 21, 21, 17),
('1351', '13', 'Diarmuid O’Connor', 22, 25, 12),
('1352', '13', 'Barry Dan O’Sullivan', 23, 25, 69),
('1353', '13', 'David Moran', 24, 28, 49),
('1354', '13', 'Paudie Clifford', 25, 34, 81),
('1355', '13', 'David Clifford', 26, 23, 94),
('1356', '13', 'Seán O’Shea', 27, 33, 80),
('1357', '13', 'Dara Moynihan', 28, 20, 91),
('1358', '13', 'Tony Brosnan', 29, 29, 69),
('1359', '13', 'Paul Geaney', 30, 30, 97),
('1360', '13', 'Adrian Spillane', 31, 29, 74),
('1361', '13', 'Stephen O’Brien', 32, 19, 44),
('1362', '13', 'Killian Spillane', 33, 27, 22),
('1363', '13', 'Micheál Burns', 34, 19, 21),
('1364', '13', 'Dara Roche', 35, 34, 45),
('1365', '13', 'Donal O’Sullivan', 36, 21, 25),
('1366', '13', 'Ruairi Murphy', 37, 34, 63),
('1367', '13', 'Eanna Ó Conchúir', 38, 22, 71),
('1368', '13', 'Dylan Geaney', 39, 31, 92),
('1369', '13', 'Brian Friel', 40, 21, 87),
('1370', '13', 'Ronan Buckley', 41, 30, 69),
('1371', '13', 'Paul O’Shea', 42, 28, 53),
('1372', '13', 'Adam Donoghue', 43, 28, 75),
('1373', '13', 'Barry Mahony', 44, 19, 31),
('1374', '14', 'Scott Osborne', 1, 23, 63),
('1375', '14', 'Killian Roche', 2, 23, 56),
('1376', '14', 'Matthew Byron', 3, 19, 26),
('1377', '14', 'Robert Pigott', 4, 35, 21),
('1378', '14', 'Mark Timmons', 5, 28, 72),
('1379', '14', 'Sean Greene', 6, 20, 56),
('1380', '14', 'Trevor Collins', 7, 22, 99),
('1381', '14', 'Sean O’Flynn', 8, 19, 67),
('1382', '14', 'Padraig Kirwan', 9, 28, 11),
('1383', '14', 'Alex Mohan', 10, 20, 95),
('1384', '14', 'Seamus Lacey', 11, 29, 17),
('1385', '14', 'Damien O’Connor', 12, 27, 21),
('1386', '14', 'Johnny Kelly', 13, 25, 22),
('1387', '14', 'James Kelly', 14, 23, 23),
('1388', '14', 'John O Loughlin', 15, 20, 51),
('1389', '14', 'Gareth Dillon', 16, 25, 32),
('1390', '14', 'Kieran Lillis', 17, 23, 42),
('1391', '14', 'Damon Larkin', 18, 31, 82),
('1392', '14', 'Kevin Swayne', 19, 31, 65),
('1393', '14', 'James Finn', 20, 28, 93),
('1394', '14', 'Ciaran Burke', 21, 27, 13),
('1395', '14', 'Patrick O’Sullivan', 22, 32, 42),
('1396', '14', 'Paul Kingston', 23, 35, 96),
('1397', '14', 'Mark Barry', 24, 27, 94),
('1398', '14', 'Eoin Lowry', 25, 23, 78),
('1399', '14', 'Evan O’Carroll', 26, 35, 8),
('1400', '14', 'Colm Murphy', 27, 35, 82),
('1401', '14', 'Brian Byrne', 28, 33, 4),
('1402', '14', 'Niall Corbet', 29, 30, 2),
('1403', '14', 'Brian Daly', 30, 19, 52),
('1404', '14', 'Cathal Doyle', 31, 26, 15),
('1405', '14', 'Lee Walker', 32, 24, 6),
('1406', '14', 'Darragh Carolan', 33, 32, 40),
('1407', '14', 'Sean Moore', 34, 19, 83),
('1408', '14', 'Gary Walsh', 35, 28, 55),
('1409', '15', 'Nevin O’Donnell', 1, 21, 30),
('1410', '15', 'Killian Gaffey', 2, 19, 12),
('1411', '15', 'Donal Casey', 3, 26, 41),
('1412', '15', 'Aidan Flynn', 4, 26, 12),
('1413', '15', 'Mark Diffley', 5, 35, 39),
('1414', '15', 'Jack Foley', 6, 24, 5),
('1415', '15', 'Conor Reynolds', 7, 29, 30),
('1416', '15', 'Jamie McGreal', 8, 20, 78),
('1417', '15', 'Cathal McHugh', 9, 20, 75),
('1418', '15', 'James Rooney', 10, 19, 81),
('1419', '15', 'Radek Oberwan', 11, 34, 52),
('1420', '15', 'Kieran Clancy', 12, 19, 20),
('1421', '15', 'Donal Wrynn', 13, 32, 79),
('1422', '15', 'Jack Gilheany', 14, 19, 51),
('1423', '15', 'Pearce Dolan', 15, 34, 83),
('1424', '15', 'Paul Keaney', 16, 25, 94),
('1425', '15', 'Cillian McGloin', 17, 21, 98),
('1426', '15', 'Riordan O’Rourke', 18, 32, 6),
('1427', '15', 'Barry McNulty', 19, 33, 87),
('1428', '15', 'Darragh Rooney', 20, 29, 80),
('1429', '15', 'Ryan O’Rourke', 21, 31, 19),
('1430', '15', 'Shane Quinn', 22, 22, 56),
('1431', '15', 'Evan Sweeney', 23, 20, 41),
('1432', '15', 'Jack Casey', 24, 19, 86),
('1433', '15', 'Conor Quinn', 25, 33, 63),
('1434', '15', 'Niall Walsh', 26, 26, 17),
('1435', '15', 'Mark Plunkett', 27, 30, 52),
('1436', '16', 'Donal O Sullivan', 1, 19, 57),
('1437', '16', 'Aaron O Sullivan', 2, 31, 88),
('1438', '16', 'Sean O Dea', 3, 19, 58),
('1439', '16', 'Brian Fanning', 4, 18, 3),
('1440', '16', 'Mike O Donovan', 5, 25, 2),
('1441', '16', 'Iain Corbett', 6, 25, 42),
('1442', '16', 'Gordon Brown', 7, 21, 60),
('1443', '16', 'Tony McCarthy', 8, 31, 57),
('1444', '16', 'Jim Liston', 9, 25, 100),
('1445', '16', 'Cormac Woulfe', 10, 25, 43),
('1446', '16', 'Cillian Fahy', 11, 24, 48),
('1447', '16', 'Colm McSweeney', 12, 18, 80),
('1448', '16', 'Cathal Downes', 13, 20, 88),
('1449', '16', 'Darragh Murray', 14, 31, 96),
('1450', '16', 'Tommy Griffin', 15, 23, 36),
('1451', '16', 'James Naughton', 16, 18, 50),
('1452', '16', 'Cian Sheehan', 17, 20, 45),
('1453', '16', 'Paul Maher', 18, 19, 72),
('1454', '16', 'Barry Coleman', 19, 32, 56),
('1455', '16', 'Brian Donovan', 20, 26, 18),
('1456', '16', 'Hugh Bourke', 21, 18, 39),
('1457', '16', 'Adrian Enright', 22, 27, 86),
('1458', '16', 'Peter Nash', 23, 27, 81),
('1459', '16', 'Killian Ryan', 24, 29, 26),
('1460', '16', 'Davy Lyons', 25, 20, 56),
('1461', '16', 'Dara Noonan', 26, 32, 2),
('1462', '17', 'Andrew Walsh', 1, 20, 16),
('1463', '17', 'Michael Miller', 2, 18, 74),
('1464', '17', 'Michael Lynch', 3, 24, 39),
('1465', '17', 'Matt Moynihan', 4, 23, 73),
('1466', '17', 'Eoin Walsh', 5, 23, 35),
('1467', '17', 'Oran Kerr', 6, 32, 95),
('1468', '17', 'Ciaran McKeon', 7, 31, 96),
('1469', '17', 'Daire Rooney', 8, 35, 6),
('1470', '17', 'Conor Cox', 9, 18, 32),
('1471', '17', 'Cahir Healy', 10, 30, 96),
('1472', '17', 'Nathan McElwaine', 11, 24, 61),
('1473', '17', 'Josh Obahor', 12, 26, 54),
('1474', '17', 'Liam Gallagher', 13, 26, 63),
('1475', '17', 'Fiontan Eastwood', 14, 24, 50),
('1476', '17', 'Shay Rafter', 15, 23, 47),
('1477', '17', 'Aiden McLoughlin', 16, 26, 25),
('1478', '17', 'Stephen Dornan', 17, 20, 6),
('1479', '17', 'DJ O’Flaherty', 18, 35, 80),
('1480', '17', 'Daniel Clarke', 19, 19, 97),
('1481', '17', 'Patrick Dolan', 20, 30, 73),
('1482', '17', 'Cathal Lacey', 21, 26, 96),
('1483', '17', 'Ciaran Diver', 22, 21, 3),
('1484', '17', 'Ruairi Rafferty', 23, 28, 38),
('1485', '17', 'Ryan Tohill', 24, 33, 98),
('1486', '18', 'Paddy Collum', 1, 28, 98),
('1487', '18', 'Michael Hughes', 2, 22, 84),
('1488', '18', 'Patrick Fox', 3, 18, 20),
('1489', '18', 'Ryan Moffett', 4, 31, 28),
('1490', '18', 'Michael Quinn', 5, 20, 28),
('1491', '18', 'Bryan Masterson', 6, 19, 10),
('1492', '18', 'Oisin O’Toole', 7, 23, 45),
('1493', '18', 'Mark Hughes', 8, 27, 44),
('1494', '18', 'Iarla O’Sullivan', 9, 29, 61),
('1495', '18', 'Barry O’Farrell', 10, 21, 1),
('1496', '18', 'Darragh Finlass', 11, 33, 38),
('1497', '18', 'Darren Gallagher', 12, 30, 8),
('1498', '18', 'Daire Duggan', 13, 29, 15),
('1499', '18', 'Dessie Reynolds', 14, 22, 36),
('1500', '18', 'Joe Hagan', 15, 30, 76),
('1501', '18', 'Jayson Matthews', 16, 25, 7),
('1502', '18', 'Keelin McGann', 17, 24, 30),
('1503', '18', 'Cathal McCabe', 18, 22, 85),
('1504', '18', 'Daniel Reynolds', 19, 20, 62),
('1505', '18', 'Dylan Farrell', 20, 24, 59),
('1506', '18', 'Daniel Mimnagh', 21, 23, 2),
('1507', '19', 'James Califf', 1, 18, 85),
('1508', '19', 'Peter McStravick', 2, 28, 73),
('1509', '19', 'Martin McEneaney', 3, 27, 32),
('1510', '19', 'Leonard Grey', 4, 33, 85),
('1511', '19', 'Niall Sharkey', 5, 33, 98),
('1512', '19', 'Donal McKenny', 6, 26, 36),
('1513', '19', 'Peter Lynch', 7, 34, 37),
('1514', '19', 'Ciaran Murphy', 8, 30, 63),
('1515', '19', 'Dan Corcoran', 9, 23, 95),
('1516', '19', 'Liam Jackson', 10, 27, 22),
('1517', '19', 'Anthony Williams', 11, 25, 52),
('1518', '19', 'Dermot Campbell', 12, 19, 91),
('1519', '19', 'Conor Early', 13, 22, 91),
('1520', '19', 'Bevan Duffy', 14, 27, 96),
('1521', '19', 'Ciaran Byrne', 15, 18, 75),
('1522', '19', 'Leonard Grey', 16, 33, 73),
('1523', '19', 'Ciaran Downey', 17, 22, 71),
('1524', '19', 'Niall Sharkey', 18, 28, 50),
('1525', '19', 'Conor Grimes', 19, 29, 70),
('1526', '19', 'Conall McKeever', 20, 31, 27),
('1527', '19', 'Sam Mulroy', 21, 33, 5),
('1528', '19', 'Tommy Durnin', 22, 28, 61),
('1529', '19', 'Daire McConnon', 23, 19, 67),
('1530', '19', 'Ryan Burns', 24, 30, 88),
('1531', '19', 'Paul Matthews', 25, 32, 2),
('1532', '19', 'Dylan McKeown', 26, 24, 5),
('1533', '19', 'Ciaran Keenan', 27, 23, 54),
('1534', '19', 'Jay Hughes', 28, 19, 9),
('1535', '19', 'Jonathan Commins', 29, 31, 8),
('1536', '19', 'Oisin McGuinness', 30, 31, 84),
('1537', '19', 'Ciaran Byrne', 31, 34, 74),
('1538', '20', 'Colm Reape', 1, 19, 3),
('1539', '20', 'Rob Hennelly', 2, 29, 83),
('1540', '20', 'Rory Byrne', 3, 27, 99),
('1541', '20', 'Stephen Coen', 4, 34, 96),
('1542', '20', 'Jack Coyne', 5, 33, 22),
('1543', '20', 'David McBrien', 6, 33, 15),
('1544', '20', 'Paddy Durcan', 7, 23, 95),
('1545', '20', 'Donnacha McHugh', 8, 26, 9),
('1546', '20', 'Sam Callinan', 9, 23, 15),
('1547', '20', 'Enda Hession', 10, 33, 78),
('1548', '20', 'Eoghan McLaughlin', 11, 24, 77),
('1549', '20', 'Padraig O’Hora', 12, 26, 3),
('1550', '20', 'Michael Plunkett', 13, 32, 67),
('1551', '20', 'Jordan Flynn', 14, 21, 53),
('1552', '20', 'Jack Carney', 15, 20, 23),
('1553', '20', 'Matthew Ruane', 16, 27, 69),
('1554', '20', 'Conor Loftus', 17, 20, 43),
('1555', '20', 'Ryan O’Donoghue', 18, 21, 28),
('1556', '20', 'Aidan O’Shea', 19, 31, 84),
('1557', '20', 'Diarmuid O’Connor', 20, 23, 81),
('1558', '20', 'James Carr', 21, 26, 71),
('1559', '20', 'Tommy Conroy', 22, 33, 95),
('1560', '20', 'Fionn McDonagh', 23, 19, 73),
('1561', '20', 'Jason Doherty', 24, 24, 31),
('1562', '20', 'Cillian O’Connor', 25, 35, 24),
('1563', '20', 'Bob Tuohy', 26, 25, 80),
('1564', '20', 'Kevin McLoughlin', 27, 23, 67),
('1565', '20', 'Conor McStay', 28, 26, 28),
('1566', '20', 'Paul Towey', 29, 25, 8),
('1567', '20', 'Frank Irwin', 30, 28, 38),
('1568', '20', 'Aiden Orme', 31, 27, 86),
('1569', '20', 'Ruairi Keane', 32, 23, 64),
('1570', '21', 'Harry Hogan', 1, 32, 92),
('1571', '21', 'Sean Brennan', 2, 25, 19),
('1572', '21', 'Donal Keogan', 3, 34, 88),
('1573', '21', 'Adam O’Neill', 4, 21, 79),
('1574', '21', 'Cathal Hickey', 5, 25, 56),
('1575', '21', 'Michael Flood', 6, 20, 6),
('1576', '21', 'Harry O’Higgins', 7, 22, 66),
('1577', '21', 'Ronan Ryan', 8, 31, 97),
('1578', '21', 'Sean Coffey', 9, 21, 48),
('1579', '21', 'James McEntee', 10, 24, 27),
('1580', '21', 'Darragh Campion', 11, 29, 38),
('1581', '21', 'Ross Ryan', 12, 27, 10),
('1582', '21', 'Eoin Harkin', 13, 32, 85),
('1583', '21', 'Shane McEntee', 14, 23, 69),
('1584', '21', 'Brian Conlon', 15, 21, 11),
('1585', '21', 'James O’Hare', 16, 25, 11),
('1586', '21', 'Daniel O’Neill', 17, 26, 98),
('1587', '21', 'Robin Clarke', 18, 25, 36),
('1588', '21', 'John O’Regan', 19, 30, 31),
('1589', '21', 'Ben Wyer', 20, 29, 49),
('1590', '21', 'Ronan Jones', 21, 35, 32),
('1591', '21', 'Padraic Harnan', 22, 19, 47),
('1592', '21', 'Jack Flynn', 23, 21, 30),
('1593', '21', 'Conor Gray', 24, 30, 4),
('1594', '21', 'Keith Curtis', 25, 21, 62),
('1595', '21', 'Shane Crosby', 26, 22, 42),
('1596', '21', 'Jordan Morris', 27, 26, 88),
('1597', '21', 'Mathew Costello', 28, 20, 63),
('1598', '21', 'Jack O’Connor', 29, 26, 78),
('1599', '21', 'Cillian O’Sullivan', 30, 29, 88),
('1600', '21', 'Jason Scully', 31, 29, 75),
('1601', '21', 'Daithí McGowan', 32, 33, 36),
('1602', '21', 'Aaron Lynch', 33, 25, 90),
('1603', '21', 'Donal Lenihan', 34, 25, 92),
('1604', '21', 'Diarmuid Moriarty', 35, 26, 8),
('1605', '21', 'Shane Walsh', 36, 21, 10),
('1606', '21', 'Thomas O’Reilly', 37, 22, 82),
('1607', '22', 'Mícheál McCarville', 1, 18, 63),
('1608', '22', 'Kieran Duffy', 2, 28, 23),
('1609', '22', 'Conor McCarthy', 3, 24, 65),
('1610', '22', 'Conor Boyle', 4, 30, 3),
('1611', '22', 'Ryan Wylie', 5, 30, 46),
('1612', '22', 'Ryan O’Toole', 6, 27, 44),
('1613', '22', 'Dessie Ward', 7, 24, 77),
('1614', '22', 'Ryan McAnespie', 8, 34, 84),
('1615', '22', 'Shane Hanratty', 9, 19, 87),
('1616', '22', 'Killian Lavelle', 10, 21, 45),
('1617', '22', 'Darren Hughes', 11, 35, 34),
('1618', '22', 'Conor Leonard', 12, 26, 73),
('1619', '22', 'Micheal Bannigan', 13, 23, 37),
('1620', '22', 'Jack McCarron', 14, 25, 99),
('1621', '22', 'Shane Carey', 15, 26, 12),
('1622', '22', 'Conor McManus', 16, 30, 4),
('1623', '22', 'Aaron Mulligan', 17, 18, 50),
('1624', '22', 'Colin Walshe', 18, 29, 47),
('1625', '23', 'Ian Duffy', 1, 23, 80),
('1626', '23', 'Corey White', 2, 22, 92),
('1627', '23', 'Paddy Dunican', 3, 30, 61),
('1628', '23', 'Shane O’Toole', 4, 23, 28),
('1629', '23', 'Peter Cunningham', 5, 26, 73),
('1630', '23', 'Declan Hogan', 6, 28, 89),
('1631', '23', 'Lee Pearson', 7, 21, 10),
('1632', '23', 'David Dempsey', 8, 30, 51),
('1633', '23', 'Ciaran Donnelly', 9, 19, 18),
('1634', '23', 'Rory Egan', 10, 27, 22),
('1635', '23', 'Cian Donohoe', 11, 25, 2),
('1636', '23', 'Kieran Dolan', 12, 25, 23),
('1637', '23', 'Niall Darby', 13, 32, 40),
('1638', '23', 'Johnny Moloney', 14, 33, 20),
('1639', '23', 'Joseph O’Connor', 15, 25, 93),
('1640', '23', 'Jack McEvoy', 16, 27, 50),
('1641', '23', 'Aaron Leavy', 17, 22, 94),
('1642', '23', 'Morgan Tynan', 18, 31, 43),
('1643', '23', 'Anton Sullivan', 19, 23, 9),
('1644', '23', 'Conor McNamee', 20, 34, 79),
('1645', '23', 'Dylan Hyland', 21, 23, 59),
('1646', '23', 'Nigel Dunne', 22, 23, 37),
('1647', '23', 'Cian Farrell', 23, 24, 20),
('1648', '23', 'Bernard Allen', 24, 31, 66),
('1649', '23', 'Jamie Evans', 25, 26, 78),
('1650', '23', 'Bill Carroll', 26, 31, 36),
('1651', '23', 'Jack Bryant', 27, 31, 2),
('1652', '23', 'Cormac Delaney', 28, 29, 28),
('1653', '23', 'Edward Cullen', 29, 19, 41),
('1654', '23', 'Ruairi O’Neil', 30, 29, 62),
('1655', '23', 'Cathal Mangan', 31, 27, 87),
('1656', '24', 'Conor Carroll', 1, 20, 98),
('1657', '24', 'Colm Lavin', 2, 20, 91),
('1658', '24', 'Aaron Brady', 3, 33, 22),
('1659', '24', 'David Murray', 4, 35, 81),
('1660', '24', 'Conor Hussey', 5, 31, 7),
('1661', '24', 'Eoin McCormack', 6, 19, 54),
('1662', '24', 'Conor Daly', 7, 27, 30),
('1663', '24', 'Eddie Nolan', 8, 21, 53),
('1664', '24', 'Richard Hughes', 9, 29, 100),
('1665', '24', 'Colin Walsh', 10, 19, 18),
('1666', '24', 'Aengus Lyons', 11, 26, 22),
('1667', '24', 'Fergal Lennon', 12, 27, 14),
('1668', '24', 'Cian Glennon', 13, 18, 64),
('1669', '24', 'Conor Harley', 14, 28, 42),
('1670', '24', 'Enda Smith', 15, 29, 9),
('1671', '24', 'Keith Doyle', 16, 27, 31),
('1672', '24', 'Tadhg O’Rourke', 17, 24, 48),
('1673', '24', 'Daire Cregg', 18, 19, 59),
('1674', '24', 'Shane Cunnane', 19, 24, 38),
('1675', '24', 'Diarmuid Murtagh', 20, 33, 32),
('1676', '24', 'Ciaran Murtagh', 21, 20, 83),
('1677', '24', 'Dylan Ruane', 22, 29, 60),
('1678', '24', 'Ben O’Carroll', 23, 25, 41),
('1679', '24', 'Ciaran Lennon', 24, 30, 72),
('1680', '24', 'Donie Smith', 25, 29, 95),
('1681', '24', 'Cian McKeon', 26, 28, 91),
('1682', '24', 'Conor Cox', 27, 35, 92),
('1683', '24', 'Robbie Dolan', 28, 23, 67),
('1684', '24', 'Niall Kilroy', 29, 20, 58),
('1685', '24', 'Ruaidhri Fallon', 30, 25, 57),
('1686', '24', 'Cian Connolly', 31, 21, 31),
('1687', '24', 'Adam McDermott', 32, 31, 9),
('1688', '24', 'Ciaran Lawless', 33, 23, 98),
('1689', '24', 'Paul Carey', 34, 19, 91),
('1690', '25', 'Daniel Lyons', 1, 22, 33),
('1691', '25', 'Aidan Devaney', 2, 30, 63),
('1692', '25', 'Kyle Harte', 3, 21, 20),
('1693', '25', 'Alan Davey', 4, 33, 90),
('1694', '25', 'Evan Lyons', 5, 32, 38),
('1695', '25', 'Paul McNamara', 6, 34, 56),
('1696', '25', 'Eddie McGuinness', 7, 35, 24),
('1697', '25', 'Nathan Mullen', 8, 26, 97),
('1698', '25', 'Brian Cox', 9, 34, 48),
('1699', '25', 'Keelan Cawley', 10, 18, 64),
('1700', '25', 'Mikey Gordon', 11, 24, 98),
('1701', '25', 'Luke Nicholson', 12, 26, 31),
('1702', '25', 'Mark Walsh', 13, 28, 54),
('1703', '25', 'Peter Laffey', 14, 27, 79),
('1704', '25', 'Oisin Kennedy', 15, 32, 87),
('1705', '25', 'Paul Kilcoyne', 16, 26, 24),
('1706', '25', 'Darragh Cummins', 17, 21, 13),
('1707', '25', 'Gavin Gorman', 18, 22, 14),
('1708', '25', 'Niall Murphy', 19, 31, 44),
('1709', '25', 'Luke Towey', 20, 35, 34),
('1710', '25', 'Cian Lally', 21, 29, 25),
('1711', '25', 'Sean Carrabine', 22, 25, 96),
('1712', '25', 'Patrick O’Connor', 23, 23, 10),
('1713', '25', 'Pat Spillane', 24, 33, 75),
('1714', '25', 'Finnian Cawley', 25, 18, 22),
('1715', '25', 'David Quinn', 26, 19, 69),
('1716', '25', 'Alan Reilly', 27, 28, 12),
('1717', '25', 'Donal Conlon', 28, 26, 68),
('1718', '25', 'Conor Griffin', 29, 33, 46),
('1719', '26', 'Jack Rodgers', 1, 28, 48),
('1720', '26', 'Shane Ryan', 2, 30, 44),
('1721', '26', 'James Griffin', 3, 22, 7),
('1722', '26', 'James Morris', 4, 22, 64),
('1723', '26', 'Kieran Costello', 5, 20, 39),
('1724', '26', 'Shane O’Connell', 6, 18, 71),
('1725', '26', 'Jimmy Feehan', 7, 21, 76),
('1726', '26', 'Emmet Moloney', 8, 27, 43),
('1727', '26', 'Paudie Feehan', 9, 33, 15),
('1728', '26', 'Jack Kennedy', 10, 23, 63),
('1729', '26', 'Steven O’Brien', 11, 24, 18),
('1730', '26', 'Stephen Grogan', 12, 34, 13),
('1731', '26', 'Sean O’Connor', 13, 35, 46),
('1732', '26', 'Paddy Creedon', 14, 24, 73),
('1733', '26', 'Cathal Deeley', 15, 18, 24),
('1734', '26', 'Conor Cadell', 16, 26, 92),
('1735', '26', 'Shane Neville', 17, 33, 11),
('1736', '26', 'Teddy Doyle', 18, 20, 97),
('1737', '26', 'Jack Kennedy', 19, 31, 51),
('1738', '26', 'Riain Quigley', 20, 26, 66),
('1739', '26', 'Stephen Quirke', 21, 27, 9),
('1740', '26', 'Martin Kehoe', 22, 25, 79),
('1741', '26', 'Mark Stokes', 23, 30, 49),
('1742', '27', 'Niall Morgan', 1, 22, 80),
('1743', '27', 'Lorcan Quinn', 2, 30, 31),
('1744', '27', 'Michael McKernan', 3, 19, 70),
('1745', '27', 'Padraig Hampsey', 4, 33, 59),
('1746', '27', 'Peter Harte', 5, 19, 53),
('1747', '27', 'Cormac Quinn', 6, 20, 1),
('1748', '27', 'Frank Burns', 7, 33, 25),
('1749', '27', 'Kieran McGeary', 8, 24, 15),
('1750', '27', 'Michael O’Neill', 9, 19, 7),
('1751', '27', 'Niall Devlin', 10, 33, 37),
('1752', '27', 'Cormac Munroe', 11, 19, 11),
('1753', '27', 'Aidan Clarke', 12, 25, 35),
('1754', '27', 'Nathan McCarron', 13, 29, 32),
('1755', '27', 'Ryan Jones', 14, 18, 36),
('1756', '27', 'Liam Rafferty', 15, 34, 65),
('1757', '27', 'Niall Kelly', 16, 28, 37),
('1758', '27', 'Conn Kilpatrick', 17, 31, 85),
('1759', '27', 'Brian Kennedy', 18, 27, 86),
('1760', '27', 'Joe Oguz', 19, 21, 27),
('1761', '27', 'Richard Donnelly', 20, 30, 8),
('1762', '27', 'Conor Meyler', 21, 20, 18),
('1763', '27', 'Darragh Canavan', 22, 26, 24),
('1764', '27', 'Darren McCurry', 23, 22, 47),
('1765', '27', 'Matthew Donnelly', 24, 29, 58),
('1766', '27', 'Ronan McNamee', 25, 18, 81),
('1767', '27', 'Cathal McShane', 26, 32, 56),
('1768', '27', 'Ruairí Canavan', 27, 24, 10),
('1769', '27', 'Niall Sludden', 28, 31, 67),
('1770', '27', 'Mike McGleenan', 29, 34, 36),
('1771', '27', 'Sean O’Donnell', 30, 33, 20),
('1772', '27', 'Conor Shields', 31, 23, 77),
('1773', '27', 'Dalaigh Jones', 32, 27, 47),
('1774', '28', 'Aaron Beresford', 1, 31, 79),
('1775', '28', 'Paudie Hunt', 2, 35, 26),
('1776', '28', 'Josh Sheridan', 3, 31, 47),
('1777', '28', 'Liam Fennell', 4, 23, 18),
('1778', '28', 'Dermot Ryan', 5, 19, 10),
('1779', '28', 'Ross Browne', 6, 34, 54),
('1780', '28', 'Conor McCarthy', 7, 32, 20),
('1781', '28', 'Michael Curry', 8, 32, 37),
('1782', '28', 'Conor O’Cuirrin', 9, 22, 69),
('1783', '28', 'Robbie McGrath', 10, 34, 76),
('1784', '28', 'Jason Curry', 11, 21, 74),
('1785', '28', 'Jack Keane', 12, 25, 8),
('1786', '28', 'Caoimhín Maguire', 13, 29, 28),
('1787', '28', 'Stephen Curry', 14, 31, 18),
('1788', '28', 'Willie Beresford', 15, 27, 29),
('1789', '28', 'Sean Whelan-Barrett', 16, 18, 85),
('1790', '28', 'Alan Dunwoody', 17, 28, 49),
('1791', '28', 'Billy Hynes', 18, 28, 99),
('1792', '28', 'Tom O’Connell', 19, 22, 68),
('1793', '28', 'Michael O’Brien', 20, 26, 73),
('1794', '28', 'Niall McSweeney', 21, 20, 42),
('1795', '28', 'Donal Fitzgerald', 22, 25, 71),
('1796', '29', 'Jason Daly', 1, 23, 6),
('1797', '29', 'Trevor Martin', 2, 22, 62),
('1798', '29', 'Kevin Maguire', 3, 30, 64),
('1799', '29', 'Ronan Wallace', 4, 26, 76),
('1800', '29', 'Nigel Harte', 5, 24, 70),
('1801', '29', '11 Jack Smith', 6, 26, 14),
('1802', '29', 'David Giles', 7, 29, 55),
('1803', '29', 'Jamie Gonoud', 8, 26, 62),
('1804', '29', 'Conor Dillon', 9, 30, 24),
('1805', '29', 'Darragh Seery', 10, 33, 5),
('1806', '29', 'Eoghan Bracken', 11, 32, 42),
('1807', '29', 'Shane Allen', 12, 19, 53),
('1808', '29', 'Sean Clinton', 13, 19, 73),
('1809', '29', 'Ray Connellan', 14, 21, 49),
('1810', '29', 'Jonathan Lynam', 15, 18, 90),
('1811', '29', 'Ronan O’Toole', 16, 31, 23),
('1812', '29', 'David Lynch', 17, 25, 1),
('1813', '29', 'Conor McCormack', 18, 32, 66),
('1814', '29', '11 Jack Smith', 19, 33, 16),
('1815', '29', 'Stephen Smith', 20, 29, 12),
('1816', '29', 'Robbie Forde', 21, 29, 38),
('1817', '29', 'Eoin Monaghan', 22, 19, 48),
('1818', '29', 'Brandon Kelly', 23, 24, 91),
('1819', '29', 'TJ Cox', 24, 32, 83),
('1820', '29', 'Ger Egan', 25, 25, 9),
('1821', '30', 'Rory Tubritt', 1, 22, 76),
('1822', '30', 'Naomhan Rossiter', 2, 30, 51),
('1823', '30', 'Anthony Larkin', 3, 27, 11),
('1824', '30', 'Gavin Sheehan', 4, 24, 89),
('1825', '30', 'Dylan Furlong', 5, 29, 46),
('1826', '30', 'Glen Malone', 6, 23, 91),
('1827', '30', 'Paraic Hughes', 7, 31, 73),
('1828', '30', 'Eoin Porter', 8, 26, 19),
('1829', '30', 'Liam O’Connor', 9, 32, 47),
('1830', '30', 'Conor Carthy', 10, 20, 25),
('1831', '30', 'Cathal Walsh', 11, 30, 37),
('1832', '30', 'Graham Staples', 12, 27, 9),
('1833', '30', 'Liam Coleman', 13, 24, 47),
('1834', '30', 'Niall Hughes', 14, 23, 7),
('1835', '30', 'Darragh Lyons', 15, 26, 59),
('1836', '30', 'Kevin O’Grady', 16, 33, 85),
('1837', '30', 'Eoghan Nolan', 17, 18, 49),
('1838', '30', 'Ben Brosnan', 18, 30, 72),
('1839', '30', 'Jonathan Bealin', 19, 24, 69),
('1840', '30', 'Sean Nolan', 20, 25, 69),
('1841', '30', 'Richie Waters', 21, 30, 91),
('1842', '30', 'Tom Byrne', 22, 24, 42),
('1843', '30', 'Cian Hughes', 23, 27, 17),
('1844', '30', 'Conor Kinsella', 24, 24, 98),
('1845', '30', 'Mark Rossiter', 25, 25, 83),
('1846', '30', 'Dean O’Toole', 26, 18, 59),
('1847', '31', 'Mark Jackson', 1, 25, 38),
('1848', '31', 'Eoin Murtagh', 2, 29, 20),
('1849', '31', 'Malachy Stone', 3, 28, 71),
('1850', '31', 'Patrick O’Keane', 4, 19, 43),
('1851', '31', 'Zach Cullen', 5, 21, 4),
('1852', '31', 'Karl Furlong', 6, 27, 89),
('1853', '31', 'Andy Maher', 7, 21, 50),
('1854', '31', 'Tom Moran', 8, 27, 27),
('1855', '31', 'Joe Prendergast', 9, 22, 83),
('1856', '31', 'Conor Fee', 10, 25, 8),
('1857', '31', 'Arran Murphy', 11, 24, 96),
('1858', '31', 'Fintan O’Shea', 12, 27, 3),
('1859', '31', 'Jack Sargent', 13, 18, 13),
('1860', '31', 'Niall Donnelly', 14, 32, 79),
('1861', '31', 'Dean Healy', 15, 18, 68),
('1862', '31', 'Padraig O’Toole', 16, 18, 83),
('1863', '31', 'Oisin McGraynor', 17, 30, 96),
('1864', '31', 'Noel Mulhall', 18, 23, 31),
('1865', '31', 'Mark Kenny', 19, 24, 57),
('1866', '31', 'Eoin Darcy', 20, 31, 6),
('1867', '31', 'JP Hurley', 21, 31, 25),
('1868', '31', 'Kevin Quinn', 22, 29, 49),
('1869', '31', 'Jack Kirwan', 23, 33, 88),
('1870', '31', 'Paul McLoughlin', 24, 28, 24),
('1871', '31', 'John Paul Nolan', 25, 30, 54),
('1872', '31', 'Johnny Keogh', 26, 28, 82),
('1873', '31', 'Matt Nolan', 27, 27, 22),
('1874', '31', 'Craig Maguire', 28, 32, 52),
('1875', '31', 'Darragh Fitzgerald', 29, 32, 28),
('1876', '31', 'Thomas Maher', 30, 19, 91),
('1877', '31', 'Gearóid Murphy', 31, 25, 29),
('1878', '31', 'Oisin Cullen', 32, 28, 43);

-- --------------------------------------------------------

--
-- Table structure for table `results`
--

CREATE TABLE `results` (
  `id` int(11) NOT NULL,
  `round` varchar(2) NOT NULL,
  `division` varchar(1) NOT NULL,
  `team1` varchar(9) NOT NULL,
  `team1ID` varchar(3) NOT NULL,
  `team2` varchar(9) NOT NULL,
  `team2ID` varchar(3) NOT NULL,
  `team1Score` varchar(4) NOT NULL,
  `team1Goals` int(11) NOT NULL,
  `team1Points` int(11) NOT NULL,
  `team2Score` varchar(4) NOT NULL,
  `team2Goals` int(11) NOT NULL,
  `team2Points` int(11) NOT NULL,
  `date` varchar(50) NOT NULL,
  `time` varchar(8) NOT NULL,
  `competition` varchar(50) NOT NULL,
  `season` varchar(4) NOT NULL
) ENGINE=InnoDB DEFAULT CHARSET=latin1;

--
-- Dumping data for table `results`
--

INSERT INTO `results` (`id`, `round`, `division`, `team1`, `team1ID`, `team2`, `team2ID`, `team1Score`, `team1Goals`, `team1Points`, `team2Score`, `team2Goals`, `team2Points`, `date`, `time`, `competition`, `season`) VALUES
(16389, '', '1', 'Kerry', '13', 'Derry', '7', '2-8', 2, 8, '0-15', 0, 15, '27 January 2024', '5:30 pm', 'NFL Division 1', '2024'),
(16390, '', '1', 'Dublin', '10', 'Monaghan', '22', '1-14', 1, 14, '3-9', 3, 9, '27 January 2024', '7:30 pm', 'NFL Division 1', '2024'),
(16391, '', '1', 'Galway', '12', 'Mayo', '20', '0-10', 0, 10, '2-12', 2, 12, '28 January 2024', '1:45 pm', 'NFL Division 1', '2024'),
(16392, '', '1', 'Tyrone', '27', 'Roscommon', '24', '0-17', 0, 17, '1-11', 1, 11, '28 January 2024', '3:45 pm', 'NFL Division 1', '2024'),
(16393, '', '1', 'Mayo', '20', 'Dublin', '10', '1-12', 1, 12, '0-14', 0, 14, '3 February 2024', '7:30 pm', 'NFL Division 1', '2024'),
(16394, '', '1', 'Monaghan', '22', 'Kerry', '13', '1-12', 1, 12, '3-15', 3, 15, '4 February 2024', '1:00 pm', 'NFL Division 1', '2024'),
(16395, '', '1', 'Roscommon', '24', 'Galway', '12', '0-9', 0, 9, '0-9', 0, 9, '4 February 2024', '2:00 pm', 'NFL Division 1', '2024'),
(16396, '', '1', 'Derry', '7', 'Tyrone', '27', '1-12', 1, 12, '0-9', 0, 9, '4 February 2024', '3:45 pm', 'NFL Division 1', '2024'),
(16397, '', '1', 'Derry', '7', 'Monaghan', '22', '3-17', 3, 17, '0-13', 0, 13, '17 February 2024', '5:00 pm', 'NFL Division 1', '2024'),
(16398, '', '1', 'Dublin', '10', 'Roscommon', '24', '1-19', 1, 19, '1-12', 1, 12, '17 February 2024', '5:00 pm', 'NFL Division 1', '2024'),
(16399, '', '1', 'Kerry', '13', 'Mayo', '20', '0-16', 0, 16, '0-15', 0, 15, '17 February 2024', '7:30 pm', 'NFL Division 1', '2024'),
(16400, '', '1', 'Tyrone', '27', 'Galway', '12', '0-12', 0, 12, '1-10', 1, 10, '18 February 2024', '1:45 pm', 'NFL Division 1', '2024'),
(16401, '', '1', 'Tyrone', '27', 'Mayo', '20', '1-15', 1, 15, '1-11', 1, 11, '24 February 2024', '5:15 pm', 'NFL Division 1', '2024'),
(16402, '', '1', 'Dublin', '10', 'Kerry', '13', '3-18', 3, 18, '1-14', 1, 14, '24 February 2024', '7:30 pm', 'NFL Division 1', '2024'),
(16403, '', '1', 'Galway', '12', 'Derry', '7', '1-11', 1, 11, '3-10', 3, 10, '25 February 2024', '1:45 pm', 'NFL Division 1', '2024'),
(16404, '', '1', 'Roscommon', '24', 'Monaghan', '22', '1-16', 1, 16, '0-7', 0, 7, '25 February 2024', '1:45 pm', 'NFL Division 1', '2024'),
(16405, '', '1', 'Derry', '7', 'Dublin', '10', '0', 0, 0, '0', 0, 0, '2 March 2024', '5:00 pm', 'NFL Division 1', '2024'),
(16406, '', '1', 'Mayo', '20', 'Roscommon', '24', '0', 0, 0, '0', 0, 0, '2 March 2024', '7:30 pm', 'NFL Division 1', '2024'),
(16407, '', '1', 'Kerry', '13', 'Tyrone', '27', '0', 0, 0, '0', 0, 0, '3 March 2024', '1:15 pm', 'NFL Division 1', '2024'),
(16408, '', '1', 'Monaghan', '22', 'Galway', '12', '0', 0, 0, '0', 0, 0, '3 March 2024', '3:15 pm', 'NFL Division 1', '2024'),
(16409, '', '1', 'Galway', '12', 'Dublin', '10', '0', 0, 0, '0', 0, 0, '15 March 2024', '3:15 pm', 'NFL Division 1', '2024'),
(16410, '', '1', 'Tyrone', '27', 'Monaghan', '22', '0', 0, 0, '0', 0, 0, '15 March 2024', '7:30 pm', 'NFL Division 1', '2024'),
(16411, '', '1', 'Roscommon', '24', 'Kerry', '13', '0', 0, 0, '0', 0, 0, '17 March 2024', '1:45 pm', 'NFL Division 1', '2024'),
(16412, '', '1', 'Mayo', '20', 'Derry', '7', '0', 0, 0, '0', 0, 0, '17 March 2024', '3:45 pm', 'NFL Division 1', '2024'),
(16413, '', '1', 'Derry', '7', 'Roscommon', '24', '0', 0, 0, '0', 0, 0, '24 March 2024', '1:45 pm', 'NFL Division 1', '2024'),
(16414, '', '1', 'Dublin', '10', 'Tyrone', '27', '0', 0, 0, '0', 0, 0, '24 March 2024', '1:45 pm', 'NFL Division 1', '2024'),
(16415, '', '1', 'Kerry', '13', 'Galway', '12', '0', 0, 0, '0', 0, 0, '24 March 2024', '1:45 pm', 'NFL Division 1', '2024'),
(16416, '', '1', 'Monaghan', '22', 'Mayo', '20', '0', 0, 0, '0', 0, 0, '24 March 2024', '1:45 pm', 'NFL Division 1', '2024'),
(16418, '', '2', 'Meath', '21', 'Fermanagh', '11', '0-12', 0, 12, '1-9', 1, 9, '27 January 2024', '2:30 pm', 'NFL Division 2', '2024'),
(16419, '', '2', 'Kildare', '', 'Cavan', '4', '0-12', 0, 12, '0-16', 0, 16, '27 January 2024', '5:00 pm', 'NFL Division 2', '2024'),
(16420, '', '2', 'Armagh', '2', 'Louth', '19', '0-12', 0, 12, '0-11', 0, 11, '27 January 2024', '6:00 pm', 'NFL Division 2', '2024'),
(16421, '', '2', 'Donegal', '8', 'Cork', '6', '1-20', 1, 20, '2-6', 2, 6, '28 January 2024', '1:45 pm', 'NFL Division 2', '2024'),
(16422, '', '2', 'Armagh', '2', 'Meath', '21', '2-16', 2, 16, '0-10', 0, 10, '3 February 2024', '6:00 pm', 'NFL Division 2', '2024'),
(16423, '', '2', 'Fermanagh', '11', 'Kildare', '', '2-10', 2, 10, '0-12', 0, 12, '3 February 2024', '6:00 pm', 'NFL Division 2', '2024'),
(16424, '', '2', 'Louth', '19', 'Cork', '6', '2-9', 2, 9, '0-13', 0, 13, '4 February 2024', '1:00 pm', 'NFL Division 2', '2024'),
(16425, '', '2', 'Cavan', '4', 'Donegal', '8', '0-12', 0, 12, '0-13', 0, 13, '4 February 2024', '4:00 pm', 'NFL Division 2', '2024'),
(16426, '', '2', 'Donegal', '8', 'Fermanagh', '11', '2-16', 2, 16, '0-8', 0, 8, '17 February 2024', '2:00 pm', 'NFL Division 2', '2024'),
(16427, '', '2', 'Cork', '6', 'Cavan', '4', '0-16', 0, 16, '0-17', 0, 17, '17 February 2024', '4:00 pm', 'NFL Division 2', '2024'),
(16428, '', '2', 'Meath', '21', 'Louth', '19', '1-11', 1, 11, '1-9', 1, 9, '18 February 2024', '2:00 pm', 'NFL Division 2', '2024'),
(16429, '', '2', 'Kildare', '', 'Armagh', '2', '0-8', 0, 8, '2-16', 2, 16, '18 February 2024', '3:45 pm', 'NFL Division 2', '2024'),
(16430, '', '2', 'Fermanagh', '11', 'Cork', '6', '0-16', 0, 16, '1-14', 1, 14, '25 February 2024', '2:00 pm', 'NFL Division 2', '2024'),
(16431, '', '2', 'Louth', '19', 'Cavan', '4', '3-9', 3, 9, '2-13', 2, 13, '25 February 2024', '2:00 pm', 'NFL Division 2', '2024'),
(16432, '', '2', 'Meath', '21', 'Kildare', '', '0-12', 0, 12, '0-9', 0, 9, '25 February 2024', '2:00 pm', 'NFL Division 2', '2024'),
(16433, '', '2', 'Armagh', '2', 'Donegal', '8', '1-9', 1, 9, '0-12', 0, 12, '25 February 2024', '3:00 pm', 'NFL Division 2', '2024'),
(16447, '', '3', 'Limerick', '16', 'Antrim', '1', '2-7', 2, 7, '2-14', 2, 14, '28 January 2024', '12:30 pm', 'NFL Division 3', '2024'),
(16448, '', '3', 'Clare', '5', 'Sligo', '25', '0-9', 0, 9, '1-5', 1, 5, '28 January 2024', '2:00 pm', 'NFL Division 3', '2024'),
(16449, '', '3', 'Offaly', '23', 'Westmeath', '29', '0-10', 0, 10, '1-11', 1, 11, '28 January 2024', '2:00 pm', 'NFL Division 3', '2024'),
(16450, '', '3', 'Wicklow', '31', 'Down', '9', '0-13', 0, 13, '0-18', 0, 18, '28 January 2024', '2:00 pm', 'NFL Division 3', '2024'),
(16451, '', '3', 'Down', '9', 'Limerick', '16', '3-16', 3, 16, '0-9', 0, 9, '3 February 2024', '6:00 pm', 'NFL Division 3', '2024'),
(16452, '', '3', 'Antrim', '1', 'Offaly', '23', '2-5', 2, 5, '1-7', 1, 7, '4 February 2024', '2:00 pm', 'NFL Division 3', '2024'),
(16453, '', '3', 'Sligo', '25', 'Wicklow', '31', '2-10', 2, 10, '1-11', 1, 11, '4 February 2024', '1:00 pm', 'NFL Division 3', '2024'),
(16454, '', '3', 'Westmeath', '29', 'Clare', '5', '1-11', 1, 11, '0-13', 0, 13, '4 February 2024', '2:00 pm', 'NFL Division 3', '2024'),
(16455, '', '3', 'Antrim', '1', 'Down', '9', '1-6', 1, 6, '1-15', 1, 15, '18 February 2024', '2:00 pm', 'NFL Division 3', '2024'),
(16456, '', '3', 'Limerick', '16', 'Sligo', '25', '0-10', 0, 10, '1-12', 1, 12, '18 February 2024', '2:00 pm', 'NFL Division 3', '2024'),
(16457, '', '3', 'Offaly', '23', 'Clare', '5', '1-12', 1, 12, '2-10', 2, 10, '18 February 2024', '2:00 pm', 'NFL Division 3', '2024'),
(16458, '', '3', 'Wicklow', '31', 'Westmeath', '29', '0-10', 0, 10, '1-13', 1, 13, '18 February 2024', '1:00 pm', 'NFL Division 3', '2024'),
(16459, '', '3', 'Down', '9', 'Offaly', '23', '4-12', 4, 12, '2-14', 2, 14, '24 February 2024', '6:00 pm', 'NFL Division 3', '2024'),
(16460, '', '3', 'Clare', '5', 'Wicklow', '31', '2-15', 2, 15, '0-8', 0, 8, '25 February 2024', '1:00 pm', 'NFL Division 3', '2024'),
(16461, '', '3', 'Sligo', '25', 'Antrim', '1', '1-20', 1, 20, '1-13', 1, 13, '25 February 2024', '2:00 pm', 'NFL Division 3', '2024'),
(16462, '', '3', 'Westmeath', '29', 'Limerick', '16', '0-14', 0, 14, '1-8', 1, 8, '25 February 2024', '2:00 pm', 'NFL Division 3', '2024'),
(16463, '', '3', 'Limerick', '16', 'Clare', '5', '0', 0, 0, '0', 0, 0, '2 March 2024', '6:00 pm', 'NFL Division 3', '2024'),
(16464, '', '3', 'Antrim', '1', 'Westmeath', '29', '0', 0, 0, '0', 0, 0, '3 March 2024', '1:00 pm', 'NFL Division 3', '2024'),
(16465, '', '3', 'Down', '9', 'Sligo', '25', '0', 0, 0, '0', 0, 0, '3 March 2024', '2:00 pm', 'NFL Division 3', '2024'),
(16466, '', '3', 'Offaly', '23', 'Wicklow', '31', '0', 0, 0, '0', 0, 0, '3 March 2024', '2:00 pm', 'NFL Division 3', '2024'),
(16467, '', '3', 'Wicklow', '31', 'Limerick', '16', '0', 0, 0, '0', 0, 0, '16 March 2024', '3:00 pm', 'NFL Division 3', '2024'),
(16468, '', '3', 'Clare', '5', 'Antrim', '1', '0', 0, 0, '0', 0, 0, '17 March 2024', '12:30 pm', 'NFL Division 3', '2024'),
(16469, '', '3', 'Sligo', '25', 'Offaly', '23', '0', 0, 0, '0', 0, 0, '17 March 2024', '2:00 pm', 'NFL Division 3', '2024'),
(16470, '', '3', 'Westmeath', '29', 'Down', '9', '0', 0, 0, '0', 0, 0, '17 March 2024', '2:00 pm', 'NFL Division 3', '2024'),
(16471, '', '3', 'Antrim', '1', 'Wicklow', '31', '0', 0, 0, '0', 0, 0, '24 March 2024', '2:00 pm', 'NFL Division 3', '2024'),
(16472, '', '3', 'Down', '9', 'Clare', '5', '0', 0, 0, '0', 0, 0, '24 March 2024', '2:00 pm', 'NFL Division 3', '2024'),
(16473, '', '3', 'Offaly', '23', 'Limerick', '16', '0', 0, 0, '0', 0, 0, '24 March 2024', '2:00 pm', 'NFL Division 3', '2024'),
(16474, '', '3', 'Sligo', '25', 'Westmeath', '29', '0', 0, 0, '0', 0, 0, '24 March 2024', '2:00 pm', 'NFL Division 3', '2024'),
(16476, '', '4', 'Laois', '14', 'Longford', '18', '1-12', 1, 12, '2-7', 2, 7, '27 January 2024', '6:00 pm', 'NFL Division 4', '2024'),
(16477, '', '4', 'Tipperary', '26', 'Carlow', '3', '1-14', 1, 14, '3-10', 3, 10, '27 January 2024', '6:00 pm', 'NFL Division 4', '2024'),
(16478, '', '4', 'London', '17', 'Wexford', '30', '1-9', 1, 9, '1-13', 1, 13, '28 January 2024', '1:00 pm', 'NFL Division 4', '2024'),
(16479, '', '4', 'Waterford', '28', 'Leitrim', '15', '1-5', 1, 5, '2-17', 2, 17, '28 January 2024', '2:00 pm', 'NFL Division 4', '2024'),
(16480, '', '4', 'Carlow', '3', 'Waterford', '28', '1-17', 1, 17, '0-9', 0, 9, '3 February 2024', '6:00 pm', 'NFL Division 4', '2024'),
(16481, '', '4', 'Wexford', '30', 'Laois', '14', '0-12', 0, 12, '1-19', 1, 19, '3 February 2024', '6:00 pm', 'NFL Division 4', '2024'),
(16482, '', '4', 'Leitrim', '15', 'London', '17', '1-8', 1, 8, '0-6', 0, 6, '4 February 2024', '1:00 pm', 'NFL Division 4', '2024'),
(16483, '', '4', 'Longford', '18', 'Tipperary', '26', '0-14', 0, 14, '0-16', 0, 16, '4 February 2024', '2:00 pm', 'NFL Division 4', '2024'),
(16484, '', '4', 'Waterford', '28', 'Longford', '18', '0-13', 0, 13, '0-16', 0, 16, '17 February 2024', '4:10 pm', 'NFL Division 4', '2024'),
(16485, '', '4', 'Laois', '14', 'Carlow', '3', '2-14', 2, 14, '0-9', 0, 9, '17 February 2024', '6:00 pm', 'NFL Division 4', '2024'),
(16486, '', '4', 'London', '17', 'Tipperary', '26', '1-8', 1, 8, '0-11', 0, 11, '18 February 2024', '1:00 pm', 'NFL Division 4', '2024'),
(16487, '', '4', 'Leitrim', '15', 'Wexford', '30', '3-7', 3, 7, '2-9', 2, 9, '18 February 2024', '2:00 pm', 'NFL Division 4', '2024'),
(16488, '', '4', 'Wexford', '30', 'Waterford', '28', '0-21', 0, 21, '1-7', 1, 7, '24 February 2024', '5:00 pm', 'NFL Division 4', '2024'),
(16489, '', '4', 'Longford', '18', 'London', '17', '3-11', 3, 11, '1-10', 1, 10, '25 February 2024', '1:00 pm', 'NFL Division 4', '2024'),
(16490, '', '4', 'Carlow', '3', 'Leitrim', '15', '2-14', 2, 14, '1-16', 1, 16, '25 February 2024', '2:00 pm', 'NFL Division 4', '2024'),
(16491, '', '4', 'Tipperary', '26', 'Laois', '14', '1-7', 1, 7, '0-11', 0, 11, '25 February 2024', '2:00 pm', 'NFL Division 4', '2024'),
(16492, '', '4', 'Carlow', '3', 'Wexford', '30', '0', 0, 0, '0', 0, 0, '2 March 2024', '7:00 pm', 'NFL Division 4', '2024'),
(16493, '', '4', 'Laois', '14', 'London', '17', '0', 0, 0, '0', 0, 0, '2 March 2024', '7:00 pm', 'NFL Division 4', '2024'),
(16494, '', '4', 'Tipperary', '26', 'Waterford', '28', '0', 0, 0, '0', 0, 0, '3 March 2024', '2:00 pm', 'NFL Division 4', '2024'),
(16495, '', '4', 'Longford', '18', 'Leitrim', '15', '0', 0, 0, '0', 0, 0, '3 March 2024', '2:30 pm', 'NFL Division 4', '2024'),
(16496, '', '4', 'London', '17', 'Waterford', '28', '0', 0, 0, '0', 0, 0, '16 March 2024', '1:00 pm', 'NFL Division 4', '2024'),
(16497, '', '4', 'Laois', '14', 'Leitrim', '15', '0', 0, 0, '0', 0, 0, '16 March 2024', '4:15 pm', 'NFL Division 4', '2024'),
(16498, '', '4', 'Tipperary', '26', 'Wexford', '30', '0', 0, 0, '0', 0, 0, '16 March 2024', '6:00 pm', 'NFL Division 4', '2024'),
(16499, '', '4', 'Longford', '18', 'Carlow', '3', '0', 0, 0, '0', 0, 0, '17 March 2024', '2:00 pm', 'NFL Division 4', '2024'),
(16500, '', '4', 'Carlow', '3', 'London', '17', '0', 0, 0, '0', 0, 0, '24 March 2024', '1:00 pm', 'NFL Division 4', '2024'),
(16501, '', '4', 'Waterford', '28', 'Laois', '14', '0', 0, 0, '0', 0, 0, '24 March 2024', '1:00 pm', 'NFL Division 4', '2024'),
(16502, '', '4', 'Wexford', '30', 'Longford', '18', '0', 0, 0, '0', 0, 0, '24 March 2024', '1:00 pm', 'NFL Division 4', '2024'),
(16503, '', '4', 'Leitrim', '15', 'Tipperary', '26', '0', 0, 0, '0', 0, 0, '24 March 2024', '1:00 pm', 'NFL Division 4', '2024');

-- --------------------------------------------------------

--
-- Table structure for table `teams`
--

CREATE TABLE `teams` (
  `id` varchar(5) NOT NULL,
  `name` varchar(50) NOT NULL
) ENGINE=InnoDB DEFAULT CHARSET=latin1;

--
-- Dumping data for table `teams`
--

INSERT INTO `teams` (`id`, `name`) VALUES
('1', 'Antrim'),
('2', 'Armagh'),
('3', 'Carlow'),
('4', 'Cavan'),
('5', 'Clare'),
('6', 'Cork'),
('7', 'Derry'),
('8', 'Donegal'),
('9', 'Down'),
('10', 'Dublin'),
('11', 'Fermanagh'),
('12', 'Galway'),
('13', 'Kerry'),
('14', 'Laois'),
('15', 'Leitrim'),
('16', 'Limerick'),
('17', 'London'),
('18', 'Longford'),
('19', 'Louth'),
('20', 'Mayo'),
('21', 'Meath'),
('22', 'Monaghan'),
('23', 'Offaly'),
('24', 'Roscommon'),
('25', 'Sligo'),
('26', 'Tipperary'),
('27', 'Tyrone'),
('28', 'Waterford'),
('29', 'Westmeath'),
('30', 'Wexford'),
('31', 'Wicklow');

-- --------------------------------------------------------

--
-- Table structure for table `users`
--

CREATE TABLE `users` (
  `email` varchar(50) NOT NULL,
  `password` varchar(50) NOT NULL
) ENGINE=InnoDB DEFAULT CHARSET=latin1;

--
-- Dumping data for table `users`
--

INSERT INTO `users` (`email`, `password`) VALUES
('thomas.devine@atu.ie', 'letmein');

--
-- Indexes for dumped tables
--

--
-- Indexes for table `results`
--
ALTER TABLE `results`
  ADD PRIMARY KEY (`id`);
COMMIT;

/*!40101 SET CHARACTER_SET_CLIENT=@OLD_CHARACTER_SET_CLIENT */;
/*!40101 SET CHARACTER_SET_RESULTS=@OLD_CHARACTER_SET_RESULTS */;
/*!40101 SET COLLATION_CONNECTION=@OLD_COLLATION_CONNECTION */;
